Reference,Footprint,Model,Kind,SHA256
C1,C1_C_0805_2012Metric,${KIPRJMOD}/3dmodels/EasyEDA/C0805_L2.0-W1.3-H1.3_C15850_EasyEDA.step,JLCEDA/EasyEDA Official Library; More detailed representative capacitor model for the existing metric package. Source part number and height do not identify the original component or change its schematic value/BOM.,99acc6b12df8e17000d6e7529bddac9ea44e1240f5635482742aae256f49b5df
C10,C10_C_0402_1005Metric,${KIPRJMOD}/3dmodels/EasyEDA/C0402_L1.0-W0.5-H0.5_C1525_EasyEDA.step,JLCEDA/EasyEDA Official Library; More detailed representative capacitor model for the existing metric package. Source part number and height do not identify the original component or change its schematic value/BOM.,0ca13e031cb175d8dc5c0393959392c0e3213eb099cc9b61fe4118feffcebad8
C11,C11_C_0402_1005Metric,${KIPRJMOD}/3dmodels/EasyEDA/C0402_L1.0-W0.5-H0.5_C1525_EasyEDA.step,JLCEDA/EasyEDA Official Library; More detailed representative capacitor model for the existing metric package. Source part number and height do not identify the original component or change its schematic value/BOM.,0ca13e031cb175d8dc5c0393959392c0e3213eb099cc9b61fe4118feffcebad8
C12,C12_C_0402_1005Metric,${KIPRJMOD}/3dmodels/EasyEDA/C0402_L1.0-W0.5-H0.5_C1525_EasyEDA.step,JLCEDA/EasyEDA Official Library; More detailed representative capacitor model for the existing metric package. Source part number and height do not identify the original component or change its schematic value/BOM.,0ca13e031cb175d8dc5c0393959392c0e3213eb099cc9b61fe4118feffcebad8
C13,C13_C_0402_1005Metric,${KIPRJMOD}/3dmodels/EasyEDA/C0402_L1.0-W0.5-H0.5_C1525_EasyEDA.step,JLCEDA/EasyEDA Official Library; More detailed representative capacitor model for the existing metric package. Source part number and height do not identify the original component or change its schematic value/BOM.,0ca13e031cb175d8dc5c0393959392c0e3213eb099cc9b61fe4118feffcebad8
C14,C14_C_0402_1005Metric,${KIPRJMOD}/3dmodels/EasyEDA/C0402_L1.0-W0.5-H0.5_C1525_EasyEDA.step,JLCEDA/EasyEDA Official Library; More detailed representative capacitor model for the existing metric package. Source part number and height do not identify the original component or change its schematic value/BOM.,0ca13e031cb175d8dc5c0393959392c0e3213eb099cc9b61fe4118feffcebad8
C15,C15_C_0402_1005Metric,${KIPRJMOD}/3dmodels/EasyEDA/C0402_L1.0-W0.5-H0.5_C1525_EasyEDA.step,JLCEDA/EasyEDA Official Library; More detailed representative capacitor model for the existing metric package. Source part number and height do not identify the original component or change its schematic value/BOM.,0ca13e031cb175d8dc5c0393959392c0e3213eb099cc9b61fe4118feffcebad8
C16,C16_C_0402_1005Metric,${KIPRJMOD}/3dmodels/EasyEDA/C0402_L1.0-W0.5-H0.5_C1525_EasyEDA.step,JLCEDA/EasyEDA Official Library; More detailed representative capacitor model for the existing metric package. Source part number and height do not identify the original component or change its schematic value/BOM.,0ca13e031cb175d8dc5c0393959392c0e3213eb099cc9b61fe4118feffcebad8
C17,C17_C_0402_1005Metric,${KIPRJMOD}/3dmodels/EasyEDA/C0402_L1.0-W0.5-H0.5_C1525_EasyEDA.step,JLCEDA/EasyEDA Official Library; More detailed representative capacitor model for the existing metric package. Source part number and height do not identify the original component or change its schematic value/BOM.,0ca13e031cb175d8dc5c0393959392c0e3213eb099cc9b61fe4118feffcebad8
C18,C18_C_0402_1005Metric,${KIPRJMOD}/3dmodels/EasyEDA/C0402_L1.0-W0.5-H0.5_C1525_EasyEDA.step,JLCEDA/EasyEDA Official Library; More detailed representative capacitor model for the existing metric package. Source part number and height do not identify the original component or change its schematic value/BOM.,0ca13e031cb175d8dc5c0393959392c0e3213eb099cc9b61fe4118feffcebad8
C19,C19_C_0402_1005Metric,${KIPRJMOD}/3dmodels/EasyEDA/C0402_L1.0-W0.5-H0.5_C1525_EasyEDA.step,JLCEDA/EasyEDA Official Library; More detailed representative capacitor model for the existing metric package. Source part number and height do not identify the original component or change its schematic value/BOM.,0ca13e031cb175d8dc5c0393959392c0e3213eb099cc9b61fe4118feffcebad8
C2,C2_C2_C_0402_1005Metric,${KIPRJMOD}/3dmodels/EasyEDA/C0402_L1.0-W0.5-H0.5_C1525_EasyEDA.step,JLCEDA/EasyEDA Official Library; More detailed representative capacitor model for the existing metric package. Source part number and height do not identify the original component or change its schematic value/BOM.,0ca13e031cb175d8dc5c0393959392c0e3213eb099cc9b61fe4118feffcebad8
C20,C20_C_0805_2012Metric,${KIPRJMOD}/3dmodels/EasyEDA/C0805_L2.0-W1.3-H1.3_C15850_EasyEDA.step,JLCEDA/EasyEDA Official Library; More detailed representative capacitor model for the existing metric package. Source part number and height do not identify the original component or change its schematic value/BOM.,99acc6b12df8e17000d6e7529bddac9ea44e1240f5635482742aae256f49b5df
C3,C3_C_0402_1005Metric,${KIPRJMOD}/3dmodels/EasyEDA/C0402_L1.0-W0.5-H0.5_C1525_EasyEDA.step,JLCEDA/EasyEDA Official Library; More detailed representative capacitor model for the existing metric package. Source part number and height do not identify the original component or change its schematic value/BOM.,0ca13e031cb175d8dc5c0393959392c0e3213eb099cc9b61fe4118feffcebad8
C4,C4_C_0603_1608Metric,${KIPRJMOD}/3dmodels/EasyEDA/C0603_L1.6-W0.8-H0.8_C19702_EasyEDA.step,JLCEDA/EasyEDA Official Library; More detailed representative capacitor model for the existing metric package. Source part number and height do not identify the original component or change its schematic value/BOM.,f9918dd3888f5ca8b9c906b8cb10b9d8e335f6855513b3e235a18123ae353a78
C5,C5_C_0402_1005Metric,${KIPRJMOD}/3dmodels/EasyEDA/C0402_L1.0-W0.5-H0.5_C1525_EasyEDA.step,JLCEDA/EasyEDA Official Library; More detailed representative capacitor model for the existing metric package. Source part number and height do not identify the original component or change its schematic value/BOM.,0ca13e031cb175d8dc5c0393959392c0e3213eb099cc9b61fe4118feffcebad8
C6,C6_C_0402_1005Metric,${KIPRJMOD}/3dmodels/EasyEDA/C0402_L1.0-W0.5-H0.5_C1525_EasyEDA.step,JLCEDA/EasyEDA Official Library; More detailed representative capacitor model for the existing metric package. Source part number and height do not identify the original component or change its schematic value/BOM.,0ca13e031cb175d8dc5c0393959392c0e3213eb099cc9b61fe4118feffcebad8
C7,C7_C_0402_1005Metric,${KIPRJMOD}/3dmodels/EasyEDA/C0402_L1.0-W0.5-H0.5_C1525_EasyEDA.step,JLCEDA/EasyEDA Official Library; More detailed representative capacitor model for the existing metric package. Source part number and height do not identify the original component or change its schematic value/BOM.,0ca13e031cb175d8dc5c0393959392c0e3213eb099cc9b61fe4118feffcebad8
C8,C8_C_0402_1005Metric,${KIPRJMOD}/3dmodels/EasyEDA/C0402_L1.0-W0.5-H0.5_C1525_EasyEDA.step,JLCEDA/EasyEDA Official Library; More detailed representative capacitor model for the existing metric package. Source part number and height do not identify the original component or change its schematic value/BOM.,0ca13e031cb175d8dc5c0393959392c0e3213eb099cc9b61fe4118feffcebad8
C9,C9_C_0402_1005Metric,${KIPRJMOD}/3dmodels/EasyEDA/C0402_L1.0-W0.5-H0.5_C1525_EasyEDA.step,JLCEDA/EasyEDA Official Library; More detailed representative capacitor model for the existing metric package. Source part number and height do not identify the original component or change its schematic value/BOM.,0ca13e031cb175d8dc5c0393959392c0e3213eb099cc9b61fe4118feffcebad8
D3,D3_D_SOD-323,${KIPRJMOD}/3dmodels/EasyEDA/SOD-323_L1.8-W1.3-LS2.5-RD_C124205_EasyEDA.step,JLCEDA/EasyEDA Official Library; More detailed SOD-323 representative model from BAT54WS-7-F; original diode MPN remains guessed.,499c4aefbf0002085e07cdb7d282c7f7b11dd80dc58362e6f6300616c4f7044f
D4,D4_D_SOD-123,${KIPRJMOD}/3dmodels/EasyEDA/SOD-123_L2.6-W1.7-LS3.5-RD_C82288_EasyEDA.step,JLCEDA/EasyEDA Official Library; More detailed SOD-123-family model linked to candidate PMEG2010ER; original device identity remains unconfirmed.,e0421ebf0ee32ca5c1a1baba1537d997ab0a9e889325f101d446149c1079f5f0
D5,D5_LED_0603_1608Metric,${KIPRJMOD}/3dmodels/EasyEDA/LED0603-RD_C72043_EasyEDA.step,JLCEDA/EasyEDA Official Library; More detailed 0603 LED package model from a green LED; original LED MPN and color remain guessed.,e859d1f709b2460cc373dac1da175c8c2d9e3ff67763451e9b881eb3346f407a
F1,F1_Fuse_1206_3216Metric,${KIPRJMOD}/3dmodels/EasyEDA/F1206_L3.2-W1.7-H0.6_C43379_EasyEDA.step,"JLCEDA/EasyEDA Official Library; Custom F1 model for Bourns MF-NSMF150-2 (C89655), based on supplied product photo: darker bronze terminals and marking (#A4824D), narrower 1.66 mm charcoal center, squared 8 with underline, terminal dot removed at user request. EasyEDA lettering removed. Derived from the existing project-local 1206 model.",6f2c915b0bb52a92d847bc9bee154e0c80987bc41d4010ca9364bb514466aa73
J1,J1_USB_C_Receptacle_GCT_USB4105-xx-A_16P_TopMnt_Horizontal,${KIPRJMOD}/3dmodels/EasyEDA/TYPE-C-SMD_SBC-160S1A-20-S412_C3020560_EasyEDA.step,"JLCEDA/EasyEDA Official Library; More detailed USB4105-GF-A-linked model; EasyEDA uses a shared TYPE-C-SMD_SBC-160S1A-20-S412 model. Representation of selected USB connector, original board MPN remains estimated.",34f359abf94e68f02934bc09e516e557673701175a4ee973d7d08cd34283df96
J10,FPC-SMD_12P-P0.50_HC-FPC-0.5-12P-FH20,${KIPRJMOD}/3dmodels/EasyEDA/FPC-SMD_12P-P0.50_HC-FPC-0.5-12P-FH20.wrl,Imported EasyEDA model for the selected FPC substitute,4f0e4930a62271380c4edf1b55e7e7f34d3592cfcaeda00351b0066b62112577
J2,J_Molex_53398_0371_C293633,${KIPRJMOD}/3dmodels/EasyEDA/Molex_53398-0371_C293633_EasyEDA.step,JLCEDA/EasyEDA Official Library; selected exact C293633 replacement,267b10950099ca3fe493694a7412a401924e0df320b4104fba34e66cb45fac9d
J3,PinHeader_2x06_P1.27mm_Vertical_SMD,${KIPRJMOD}/3dmodels/KiCad/Connector_PinHeader_1.27mm.3dshapes/PinHeader_2x06_P1.27mm_Vertical_SMD.step,Imported KiCad model for the selected footprint package,dfbdf4cac7fb2444a0fee0da9561e052e641708453d0fad0c510694f3ad40b05
J7,FPC-SMD_14P-P0.50_HC-FPC-0.5-14P-FH20,${KIPRJMOD}/3dmodels/EasyEDA/HC-FPC-0.5-14P-FH20_C19273929_EasyEDA.step,Detailed native STEP model for exact C19273929 from JLCEDA/EasyEDA Official Library,48284dfe01985bcc639cfc2716175c8c25bc2a2956d30b98dbd564b00224771a
J8,FPC-SMD_12P-P0.50_HC-FPC-0.5-12P-FH20,${KIPRJMOD}/3dmodels/EasyEDA/FPC-SMD_12P-P0.50_HC-FPC-0.5-12P-FH20.wrl,Imported EasyEDA model for the selected FPC substitute,4f0e4930a62271380c4edf1b55e7e7f34d3592cfcaeda00351b0066b62112577
J9,FPC-SMD_12P-P0.50_HC-FPC-0.5-12P-FH20,${KIPRJMOD}/3dmodels/EasyEDA/FPC-SMD_12P-P0.50_HC-FPC-0.5-12P-FH20.wrl,Imported EasyEDA model for the selected FPC substitute,4f0e4930a62271380c4edf1b55e7e7f34d3592cfcaeda00351b0066b62112577
L1,L_XRCD54_5.8x5.2mm_C5339378,${KIPRJMOD}/3dmodels/EasyEDA/XRCD54_5.8x5.2x4.5mm_C5339378_EasyEDA.step,JLCEDA/EasyEDA Official Library; exact linked model for user-selected C5339378,175723b792248d2d311187b0f486ffca2a9a56c84e7e64cfd1b7679a788c6fd5
L2,L2_L_0402_1005Metric,${KIPRJMOD}/3dmodels/EasyEDA/L0402_L1.0-W0.5-H0.5_BEAD_C14182_EasyEDA.step,JLCEDA/EasyEDA Official Library; More detailed representative 0402 ferrite-bead package; original MPN and impedance remain guessed.,406f074b8ab6e3e607eadf4e1ea79abac4cf0bf45314f334677e4c430fe625fa
L3,L3_L_0603_1608Metric,${KIPRJMOD}/3dmodels/EasyEDA/L0603_L1.6-W0.8-H0.5_BEAD_C1035_EasyEDA.step,JLCEDA/EasyEDA Official Library; More detailed representative 0603 inductor package; original MPN and inductance remain guessed.,37217a45ff91a07e901f84c89d522730f0830ea10d7b55693b6cfcf8faa2952e
Q1,Q1_SOT-23,${KIPRJMOD}/3dmodels/EasyEDA/SOT-23-3P_L2.9-W1.3-H1.0-LS2.4-P0.95_C7420339_EasyEDA.step,JLCEDA/EasyEDA Official Library; selected C7420339; customized S S marking,5a73368c37bcbd94e8f3ef10d521f3e60487eedc263dca72269d30003aa435e1
Q2,Q2_SOT-23,${KIPRJMOD}/3dmodels/EasyEDA/SOT-23-3P_L2.9-W1.3-H1.0-LS2.4-P0.95_C15127_EasyEDA.step,JLCEDA/EasyEDA Official Library; More detailed SOT-23 package model linked to candidate AO3401A; original MOSFET is not confirmed.,77ba908a82212855f2a6d38b120604e403137808eaba47113ce858f1831017e5
Q3,Q3_SOT-23,${KIPRJMOD}/3dmodels/EasyEDA/SOT-23-3P_L2.9-W1.3-H1.0-LS2.4-P0.95_C7420339_EasyEDA.step,JLCEDA/EasyEDA Official Library; selected C7420339; customized S S marking,5a73368c37bcbd94e8f3ef10d521f3e60487eedc263dca72269d30003aa435e1
R1,R1_R_0402_1005Metric,${KIPRJMOD}/3dmodels/EasyEDA/R0402_L1.0-W0.5-H0.4_C25744_EasyEDA.step,JLCEDA/EasyEDA Official Library; More detailed representative resistor model for the existing metric package. Source part number and height do not identify the original component or change its schematic value/BOM.,134d58dd68899b29f9e19def208de6690d06010e01c304866fbd4d81c8640aa6
R10,R10_R_0402_1005Metric,${KIPRJMOD}/3dmodels/EasyEDA/R0402_L1.0-W0.5-H0.4_C25744_EasyEDA.step,JLCEDA/EasyEDA Official Library; More detailed representative resistor model for the existing metric package. Source part number and height do not identify the original component or change its schematic value/BOM.,134d58dd68899b29f9e19def208de6690d06010e01c304866fbd4d81c8640aa6
R11,R11_R_0402_1005Metric,${KIPRJMOD}/3dmodels/EasyEDA/R0402_L1.0-W0.5-H0.4_C25744_EasyEDA.step,JLCEDA/EasyEDA Official Library; More detailed representative resistor model for the existing metric package. Source part number and height do not identify the original component or change its schematic value/BOM.,134d58dd68899b29f9e19def208de6690d06010e01c304866fbd4d81c8640aa6
R12,R12_R_0402_1005Metric,${KIPRJMOD}/3dmodels/EasyEDA/R0402_L1.0-W0.5-H0.4_C25744_EasyEDA.step,JLCEDA/EasyEDA Official Library; More detailed representative resistor model for the existing metric package. Source part number and height do not identify the original component or change its schematic value/BOM.,134d58dd68899b29f9e19def208de6690d06010e01c304866fbd4d81c8640aa6
R13,R13_R_0402_1005Metric,${KIPRJMOD}/3dmodels/EasyEDA/R0402_L1.0-W0.5-H0.4_C25744_EasyEDA.step,JLCEDA/EasyEDA Official Library; More detailed representative resistor model for the existing metric package. Source part number and height do not identify the original component or change its schematic value/BOM.,134d58dd68899b29f9e19def208de6690d06010e01c304866fbd4d81c8640aa6
R14,R14_R_0402_1005Metric,${KIPRJMOD}/3dmodels/EasyEDA/R0402_L1.0-W0.5-H0.4_C25744_EasyEDA.step,JLCEDA/EasyEDA Official Library; More detailed representative resistor model for the existing metric package. Source part number and height do not identify the original component or change its schematic value/BOM.,134d58dd68899b29f9e19def208de6690d06010e01c304866fbd4d81c8640aa6
R2,R2_R_0402_1005Metric,${KIPRJMOD}/3dmodels/EasyEDA/R0402_L1.0-W0.5-H0.4_C25744_EasyEDA.step,JLCEDA/EasyEDA Official Library; More detailed representative resistor model for the existing metric package. Source part number and height do not identify the original component or change its schematic value/BOM.,134d58dd68899b29f9e19def208de6690d06010e01c304866fbd4d81c8640aa6
R22,R22_R_0402_1005Metric,${KIPRJMOD}/3dmodels/EasyEDA/R0402_L1.0-W0.5-H0.4_C25744_EasyEDA.step,JLCEDA/EasyEDA Official Library; More detailed representative resistor model for the existing metric package. Source part number and height do not identify the original component or change its schematic value/BOM.,134d58dd68899b29f9e19def208de6690d06010e01c304866fbd4d81c8640aa6
R3,R3_R_0402_1005Metric,${KIPRJMOD}/3dmodels/EasyEDA/R0402_L1.0-W0.5-H0.4_C25744_EasyEDA.step,JLCEDA/EasyEDA Official Library; More detailed representative resistor model for the existing metric package. Source part number and height do not identify the original component or change its schematic value/BOM.,134d58dd68899b29f9e19def208de6690d06010e01c304866fbd4d81c8640aa6
R4,R4_R_0402_1005Metric,${KIPRJMOD}/3dmodels/EasyEDA/R0402_L1.0-W0.5-H0.4_C25744_EasyEDA.step,JLCEDA/EasyEDA Official Library; More detailed representative resistor model for the existing metric package. Source part number and height do not identify the original component or change its schematic value/BOM.,134d58dd68899b29f9e19def208de6690d06010e01c304866fbd4d81c8640aa6
R5,R5_R_0402_1005Metric,${KIPRJMOD}/3dmodels/EasyEDA/R0402_L1.0-W0.5-H0.4_C25744_EasyEDA.step,JLCEDA/EasyEDA Official Library; More detailed representative resistor model for the existing metric package. Source part number and height do not identify the original component or change its schematic value/BOM.,134d58dd68899b29f9e19def208de6690d06010e01c304866fbd4d81c8640aa6
R6,R6_R_0402_1005Metric,${KIPRJMOD}/3dmodels/EasyEDA/R0402_L1.0-W0.5-H0.4_C25744_EasyEDA.step,JLCEDA/EasyEDA Official Library; More detailed representative resistor model for the existing metric package. Source part number and height do not identify the original component or change its schematic value/BOM.,134d58dd68899b29f9e19def208de6690d06010e01c304866fbd4d81c8640aa6
R7,R7_R_0402_1005Metric,${KIPRJMOD}/3dmodels/EasyEDA/R0402_L1.0-W0.5-H0.4_C25744_EasyEDA.step,JLCEDA/EasyEDA Official Library; More detailed representative resistor model for the existing metric package. Source part number and height do not identify the original component or change its schematic value/BOM.,134d58dd68899b29f9e19def208de6690d06010e01c304866fbd4d81c8640aa6
R8,R8_R_0402_1005Metric,${KIPRJMOD}/3dmodels/EasyEDA/R0402_L1.0-W0.5-H0.4_C25744_EasyEDA.step,JLCEDA/EasyEDA Official Library; More detailed representative resistor model for the existing metric package. Source part number and height do not identify the original component or change its schematic value/BOM.,134d58dd68899b29f9e19def208de6690d06010e01c304866fbd4d81c8640aa6
R9,R9_R_0402_1005Metric,${KIPRJMOD}/3dmodels/EasyEDA/R0402_L1.0-W0.5-H0.4_C25744_EasyEDA.step,JLCEDA/EasyEDA Official Library; More detailed representative resistor model for the existing metric package. Source part number and height do not identify the original component or change its schematic value/BOM.,134d58dd68899b29f9e19def208de6690d06010e01c304866fbd4d81c8640aa6
SW1,SW_TK6580A1_C528770,${KIPRJMOD}/3dmodels/EasyEDA/TK-6580A-1_C528770_EasyEDA.step,JLCEDA/EasyEDA Official Library; selected exact C528770 replacement,262cee8916a08abac56e149a8e47714d1ca84e3705f307556133fa83a00ae16e
SW2,Reset_Tactile_4mm_PhotoEstimate,${KIPRJMOD}/3dmodels/PhotoEstimates/Reset_Tactile_4mm_PhotoEstimate.wrl,Photo-estimated body and yellow actuator; not a manufacturer model,3348e1a8a2bb1a05a905576fe2deed0fc004c206dbe04a8207d83586424f9121
U1,DFN8_SY7088DGC_2x3mm_C178240,${KIPRJMOD}/3dmodels/EasyEDA/SY7088DGC_C178240_EasyEDA.step,"JLCEDA/EasyEDA Official Library; exact selected C178240 Custom U1 top marking: EasyEDA logo and original misplaced dot removed; centered VTGEA in DejaVu Sans Regular, rotated 90 degrees clockwise; light-gray pin-1 dot moved to native (-X,-Y), verified against footprint pad 1. Package outline, leads, exposed pad, model transform and PCB footprint unchanged. Custom U1 top marking: EasyEDA logo and original misplaced dot removed; centered VTGEA in DejaVu Sans Regular, rotated 90 degrees counterclockwise from its previous position (now upright); light-gray pin-1 dot moved to native (-X,-Y), verified against footprint pad 1. Package outline, leads, exposed pad, model transform and PCB footprint unchanged. Custom U1 top marking: EasyEDA logo and original misplaced dot removed; centered VTGEA in DejaVu Sans Regular, reduced 10 percent to 1.755 x 0.324 mm, rotated 90 degrees counterclockwise from its previous position (now upright); light-gray pin-1 dot moved to native (-X,-Y), verified against footprint pad 1. Package outline, leads, exposed pad, model transform and PCB footprint unchanged.",e04495ea0457dd7abd93768c15247dcc84ace1cdee88a7aa5e0b6efe4d8272a4
U2,U2_SOIC-8-1EP_3.9x4.9mm_P1.27mm_EP2.29x3mm_ThermalVias,${KIPRJMOD}/3dmodels/EasyEDA/ESOP-8_L4.9-W3.9-H1.6-LS6.0-P1.27_C16581_EasyEDA.step,"JLCEDA/EasyEDA Official Library; More detailed ESOP-8 package model linked to TP4056; exact original chip suffix remains unconfirmed. Custom model top marking: original ESOP8 and EasyEDA lettering removed, replaced with centered TP4056 in DejaVu Sans Regular; light-gray dot in the existing pin-1 recess. Package, leads, exposed pad, model transform and PCB footprint unchanged. Custom model top marking: original ESOP8 and EasyEDA lettering removed, replaced with TP4056 in DejaVu Sans Regular, rotated 90 degrees clockwise and anchored 0.25 mm from the flat top edges at text-upright top/left; light-gray dot in the existing pin-1 recess. Package, leads, exposed pad, model transform and PCB footprint unchanged. Custom model top marking: original ESOP8 and EasyEDA lettering removed, replaced with TP4056 in DejaVu Sans Regular, rotated 90 degrees clockwise and anchored 0.40 mm from the flat top edges at text-upright top/left (shifted 0.15 mm down and right from prior position); light-gray dot in the existing pin-1 recess. Package, leads, exposed pad, model transform and PCB footprint unchanged. Custom model top marking: original ESOP8 and EasyEDA lettering removed, replaced with TP4056 in DejaVu Sans Regular, rotated 90 degrees clockwise and anchored 0.60 mm from the flat top edges at text-upright top/left (shifted another 0.20 mm down and right; cumulative shift 0.35 mm on each axis); light-gray dot in the existing pin-1 recess. Package, leads, exposed pad, model transform and PCB footprint unchanged.",f70188131454258a773cb353dd8346c29a8b5d213a402e92cb815bcae5be9989
U3,U3_SOT-143,${KIPRJMOD}/3dmodels/EasyEDA/SOT-143-4P_L3.0-W1.3-H1.0-LS2.3-P1.70_C12333_EasyEDA.step,JLCEDA/EasyEDA Official Library; More detailed SOT-143 package model linked to PRTR5V0U2X; generic package markings are visualization only.,ef9d34fab517812d310b8982d2adfeaa2e0d1281578a8fe9fb91b196d2e77475
U4,Raytac_MDBT50Q,${KIPRJMOD}/3dmodels/EasyEDA/COMM-SMD_MDBT50Q-1MV2_C5119772_EasyEDA.step,"JLCEDA/EasyEDA Official Library; customized antenna PCB, shield and Raytac label",ad1b748cf4efeaf1f9b7079fecb95fbe938a5babfc7299b543a576b65ddb7ea1
U5,U5_SOT-23-5,${KIPRJMOD}/3dmodels/EasyEDA/SC-74A-5_L2.9-W1.5-H1.1-LS2.8-P0.98_C546430_EasyEDA.step,JLCEDA/EasyEDA Official Library; More detailed SC-74A/SOT-23-5 model linked to candidate 74CBTLV1G125GV; original circuit and device identity remain unverified.,6fe58ed8d28b455f5aa61fa3ae6dc540e18357c6f9fd49576d7619edbab9270e
Y1,Crystal_3215_2pin_PhotoEstimate,${KIPRJMOD}/3dmodels/EasyEDA/OSC-SMD_L3.2-W1.5-H0.8_C70509_EasyEDA.step,"JLCEDA/EasyEDA Official Library; More detailed representative 3.2x1.5mm crystal model; NX3215SA is a model source, not a confirmed BOM substitution.",088c816b02808ed900e2a76a20bea846149e407bb3de824070cb4c10e4c378fa
