Reference,Value,Status,Model source LCSC,Model source part,Model UUID,Model,Offset mm,Rotation degrees,Pad alignment RMS mm,SHA256,Notes,Source URL
C1,10uF,Updated to more detailed model,C15850,CL21A106KAYNNNE,b87ab0c5465a48b3a1c9a6dac8d30bc5,${KIPRJMOD}/3dmodels/EasyEDA/C0805_L2.0-W1.3-H1.3_C15850_EasyEDA.step,"[0.0, 1.3e-05, 0.65]","[0, 0, 0.0]",0.049998,99acc6b12df8e17000d6e7529bddac9ea44e1240f5635482742aae256f49b5df,More detailed representative capacitor model for the existing metric package. Source part number and height do not identify the original component or change its schematic value/BOM.,https://modules.easyeda.com/qAxj6KHrDKw4blvCG8QJPs7Y/b87ab0c5465a48b3a1c9a6dac8d30bc5
C10,1uF,Updated to more detailed model,C1525,CL05B104KO5NNNC,32fe2cf9314f444ca2785a33c2db7189,${KIPRJMOD}/3dmodels/EasyEDA/C0402_L1.0-W0.5-H0.5_C1525_EasyEDA.step,"[0.0, 0.0, 0.25]","[0, 0, 0.0]",0.059884,0ca13e031cb175d8dc5c0393959392c0e3213eb099cc9b61fe4118feffcebad8,More detailed representative capacitor model for the existing metric package. Source part number and height do not identify the original component or change its schematic value/BOM.,https://modules.easyeda.com/qAxj6KHrDKw4blvCG8QJPs7Y/32fe2cf9314f444ca2785a33c2db7189
C11,1uF,Updated to more detailed model,C1525,CL05B104KO5NNNC,32fe2cf9314f444ca2785a33c2db7189,${KIPRJMOD}/3dmodels/EasyEDA/C0402_L1.0-W0.5-H0.5_C1525_EasyEDA.step,"[0.0, 0.0, 0.25]","[0, 0, 0.0]",0.059884,0ca13e031cb175d8dc5c0393959392c0e3213eb099cc9b61fe4118feffcebad8,More detailed representative capacitor model for the existing metric package. Source part number and height do not identify the original component or change its schematic value/BOM.,https://modules.easyeda.com/qAxj6KHrDKw4blvCG8QJPs7Y/32fe2cf9314f444ca2785a33c2db7189
C12,100nF,Updated to more detailed model,C1525,CL05B104KO5NNNC,32fe2cf9314f444ca2785a33c2db7189,${KIPRJMOD}/3dmodels/EasyEDA/C0402_L1.0-W0.5-H0.5_C1525_EasyEDA.step,"[0.0, 0.0, 0.25]","[0, 0, 0.0]",0.059884,0ca13e031cb175d8dc5c0393959392c0e3213eb099cc9b61fe4118feffcebad8,More detailed representative capacitor model for the existing metric package. Source part number and height do not identify the original component or change its schematic value/BOM.,https://modules.easyeda.com/qAxj6KHrDKw4blvCG8QJPs7Y/32fe2cf9314f444ca2785a33c2db7189
C13,100pF,Updated to more detailed model,C1525,CL05B104KO5NNNC,32fe2cf9314f444ca2785a33c2db7189,${KIPRJMOD}/3dmodels/EasyEDA/C0402_L1.0-W0.5-H0.5_C1525_EasyEDA.step,"[0.0, 0.0, 0.25]","[0, 0, 0.0]",0.059884,0ca13e031cb175d8dc5c0393959392c0e3213eb099cc9b61fe4118feffcebad8,More detailed representative capacitor model for the existing metric package. Source part number and height do not identify the original component or change its schematic value/BOM.,https://modules.easyeda.com/qAxj6KHrDKw4blvCG8QJPs7Y/32fe2cf9314f444ca2785a33c2db7189
C14,100pF,Updated to more detailed model,C1525,CL05B104KO5NNNC,32fe2cf9314f444ca2785a33c2db7189,${KIPRJMOD}/3dmodels/EasyEDA/C0402_L1.0-W0.5-H0.5_C1525_EasyEDA.step,"[0.0, 0.0, 0.25]","[0, 0, 0.0]",0.059884,0ca13e031cb175d8dc5c0393959392c0e3213eb099cc9b61fe4118feffcebad8,More detailed representative capacitor model for the existing metric package. Source part number and height do not identify the original component or change its schematic value/BOM.,https://modules.easyeda.com/qAxj6KHrDKw4blvCG8QJPs7Y/32fe2cf9314f444ca2785a33c2db7189
C15,100pF,Updated to more detailed model,C1525,CL05B104KO5NNNC,32fe2cf9314f444ca2785a33c2db7189,${KIPRJMOD}/3dmodels/EasyEDA/C0402_L1.0-W0.5-H0.5_C1525_EasyEDA.step,"[0.0, 0.0, 0.25]","[0, 0, 0.0]",0.059884,0ca13e031cb175d8dc5c0393959392c0e3213eb099cc9b61fe4118feffcebad8,More detailed representative capacitor model for the existing metric package. Source part number and height do not identify the original component or change its schematic value/BOM.,https://modules.easyeda.com/qAxj6KHrDKw4blvCG8QJPs7Y/32fe2cf9314f444ca2785a33c2db7189
C16,100pF,Updated to more detailed model,C1525,CL05B104KO5NNNC,32fe2cf9314f444ca2785a33c2db7189,${KIPRJMOD}/3dmodels/EasyEDA/C0402_L1.0-W0.5-H0.5_C1525_EasyEDA.step,"[0.0, 0.0, 0.25]","[0, 0, 0.0]",0.059884,0ca13e031cb175d8dc5c0393959392c0e3213eb099cc9b61fe4118feffcebad8,More detailed representative capacitor model for the existing metric package. Source part number and height do not identify the original component or change its schematic value/BOM.,https://modules.easyeda.com/qAxj6KHrDKw4blvCG8QJPs7Y/32fe2cf9314f444ca2785a33c2db7189
C17,100pF,Updated to more detailed model,C1525,CL05B104KO5NNNC,32fe2cf9314f444ca2785a33c2db7189,${KIPRJMOD}/3dmodels/EasyEDA/C0402_L1.0-W0.5-H0.5_C1525_EasyEDA.step,"[0.0, 0.0, 0.25]","[0, 0, 0.0]",0.059884,0ca13e031cb175d8dc5c0393959392c0e3213eb099cc9b61fe4118feffcebad8,More detailed representative capacitor model for the existing metric package. Source part number and height do not identify the original component or change its schematic value/BOM.,https://modules.easyeda.com/qAxj6KHrDKw4blvCG8QJPs7Y/32fe2cf9314f444ca2785a33c2db7189
C18,100pF,Updated to more detailed model,C1525,CL05B104KO5NNNC,32fe2cf9314f444ca2785a33c2db7189,${KIPRJMOD}/3dmodels/EasyEDA/C0402_L1.0-W0.5-H0.5_C1525_EasyEDA.step,"[0.0, 0.0, 0.25]","[0, 0, 0.0]",0.059884,0ca13e031cb175d8dc5c0393959392c0e3213eb099cc9b61fe4118feffcebad8,More detailed representative capacitor model for the existing metric package. Source part number and height do not identify the original component or change its schematic value/BOM.,https://modules.easyeda.com/qAxj6KHrDKw4blvCG8QJPs7Y/32fe2cf9314f444ca2785a33c2db7189
C19,100pF,Updated to more detailed model,C1525,CL05B104KO5NNNC,32fe2cf9314f444ca2785a33c2db7189,${KIPRJMOD}/3dmodels/EasyEDA/C0402_L1.0-W0.5-H0.5_C1525_EasyEDA.step,"[0.0, 0.0, 0.25]","[0, 0, 0.0]",0.059884,0ca13e031cb175d8dc5c0393959392c0e3213eb099cc9b61fe4118feffcebad8,More detailed representative capacitor model for the existing metric package. Source part number and height do not identify the original component or change its schematic value/BOM.,https://modules.easyeda.com/qAxj6KHrDKw4blvCG8QJPs7Y/32fe2cf9314f444ca2785a33c2db7189
C2,1uF,Updated to more detailed model,C1525,CL05B104KO5NNNC,32fe2cf9314f444ca2785a33c2db7189,${KIPRJMOD}/3dmodels/EasyEDA/C0402_L1.0-W0.5-H0.5_C1525_EasyEDA.step,"[0.0, 0.0, 0.25]","[0, 0, 0.0]",0.059884,0ca13e031cb175d8dc5c0393959392c0e3213eb099cc9b61fe4118feffcebad8,More detailed representative capacitor model for the existing metric package. Source part number and height do not identify the original component or change its schematic value/BOM.,https://modules.easyeda.com/qAxj6KHrDKw4blvCG8QJPs7Y/32fe2cf9314f444ca2785a33c2db7189
C20,10uF,Updated to more detailed model,C15850,CL21A106KAYNNNE,b87ab0c5465a48b3a1c9a6dac8d30bc5,${KIPRJMOD}/3dmodels/EasyEDA/C0805_L2.0-W1.3-H1.3_C15850_EasyEDA.step,"[0.0, 1.3e-05, 0.65]","[0, 0, 0.0]",0.049998,99acc6b12df8e17000d6e7529bddac9ea44e1240f5635482742aae256f49b5df,More detailed representative capacitor model for the existing metric package. Source part number and height do not identify the original component or change its schematic value/BOM.,https://modules.easyeda.com/qAxj6KHrDKw4blvCG8QJPs7Y/b87ab0c5465a48b3a1c9a6dac8d30bc5
C3,100nF,Updated to more detailed model,C1525,CL05B104KO5NNNC,32fe2cf9314f444ca2785a33c2db7189,${KIPRJMOD}/3dmodels/EasyEDA/C0402_L1.0-W0.5-H0.5_C1525_EasyEDA.step,"[0.0, 0.0, 0.25]","[0, 0, 0.0]",0.059884,0ca13e031cb175d8dc5c0393959392c0e3213eb099cc9b61fe4118feffcebad8,More detailed representative capacitor model for the existing metric package. Source part number and height do not identify the original component or change its schematic value/BOM.,https://modules.easyeda.com/qAxj6KHrDKw4blvCG8QJPs7Y/32fe2cf9314f444ca2785a33c2db7189
C4,10uF,Updated to more detailed model,C19702,CL10A106KP8NNNC,ac9b32e974bc448eab36b1293f859dcb,${KIPRJMOD}/3dmodels/EasyEDA/C0603_L1.6-W0.8-H0.8_C19702_EasyEDA.step,"[0.0, 0.0, 0.4]","[0, 0, 0.0]",0.074976,f9918dd3888f5ca8b9c906b8cb10b9d8e335f6855513b3e235a18123ae353a78,More detailed representative capacitor model for the existing metric package. Source part number and height do not identify the original component or change its schematic value/BOM.,https://modules.easyeda.com/qAxj6KHrDKw4blvCG8QJPs7Y/ac9b32e974bc448eab36b1293f859dcb
C5,100nF,Updated to more detailed model,C1525,CL05B104KO5NNNC,32fe2cf9314f444ca2785a33c2db7189,${KIPRJMOD}/3dmodels/EasyEDA/C0402_L1.0-W0.5-H0.5_C1525_EasyEDA.step,"[0.0, 0.0, 0.25]","[0, 0, 0.0]",0.059884,0ca13e031cb175d8dc5c0393959392c0e3213eb099cc9b61fe4118feffcebad8,More detailed representative capacitor model for the existing metric package. Source part number and height do not identify the original component or change its schematic value/BOM.,https://modules.easyeda.com/qAxj6KHrDKw4blvCG8QJPs7Y/32fe2cf9314f444ca2785a33c2db7189
C6,100nF,Updated to more detailed model,C1525,CL05B104KO5NNNC,32fe2cf9314f444ca2785a33c2db7189,${KIPRJMOD}/3dmodels/EasyEDA/C0402_L1.0-W0.5-H0.5_C1525_EasyEDA.step,"[0.0, 0.0, 0.25]","[0, 0, 0.0]",0.059884,0ca13e031cb175d8dc5c0393959392c0e3213eb099cc9b61fe4118feffcebad8,More detailed representative capacitor model for the existing metric package. Source part number and height do not identify the original component or change its schematic value/BOM.,https://modules.easyeda.com/qAxj6KHrDKw4blvCG8QJPs7Y/32fe2cf9314f444ca2785a33c2db7189
C7,100nF,Updated to more detailed model,C1525,CL05B104KO5NNNC,32fe2cf9314f444ca2785a33c2db7189,${KIPRJMOD}/3dmodels/EasyEDA/C0402_L1.0-W0.5-H0.5_C1525_EasyEDA.step,"[0.0, 0.0, 0.25]","[0, 0, 0.0]",0.059884,0ca13e031cb175d8dc5c0393959392c0e3213eb099cc9b61fe4118feffcebad8,More detailed representative capacitor model for the existing metric package. Source part number and height do not identify the original component or change its schematic value/BOM.,https://modules.easyeda.com/qAxj6KHrDKw4blvCG8QJPs7Y/32fe2cf9314f444ca2785a33c2db7189
C8,12pF,Updated to more detailed model,C1525,CL05B104KO5NNNC,32fe2cf9314f444ca2785a33c2db7189,${KIPRJMOD}/3dmodels/EasyEDA/C0402_L1.0-W0.5-H0.5_C1525_EasyEDA.step,"[0.0, 0.0, 0.25]","[0, 0, 0.0]",0.059884,0ca13e031cb175d8dc5c0393959392c0e3213eb099cc9b61fe4118feffcebad8,More detailed representative capacitor model for the existing metric package. Source part number and height do not identify the original component or change its schematic value/BOM.,https://modules.easyeda.com/qAxj6KHrDKw4blvCG8QJPs7Y/32fe2cf9314f444ca2785a33c2db7189
C9,12pF,Updated to more detailed model,C1525,CL05B104KO5NNNC,32fe2cf9314f444ca2785a33c2db7189,${KIPRJMOD}/3dmodels/EasyEDA/C0402_L1.0-W0.5-H0.5_C1525_EasyEDA.step,"[0.0, 0.0, 0.25]","[0, 0, 0.0]",0.059884,0ca13e031cb175d8dc5c0393959392c0e3213eb099cc9b61fe4118feffcebad8,More detailed representative capacitor model for the existing metric package. Source part number and height do not identify the original component or change its schematic value/BOM.,https://modules.easyeda.com/qAxj6KHrDKw4blvCG8QJPs7Y/32fe2cf9314f444ca2785a33c2db7189
D3,BAT54WS (guess),Updated to more detailed model,C124205,BAT54WS-7-F,7459fe65e23146c0a8d836e46a0add72,${KIPRJMOD}/3dmodels/EasyEDA/SOD-323_L1.8-W1.3-LS2.5-RD_C124205_EasyEDA.step,"[0.0, -0.000102, 0.0]","[0, 0, 0.0]",0.122464,499c4aefbf0002085e07cdb7d282c7f7b11dd80dc58362e6f6300616c4f7044f,More detailed SOD-323 representative model from BAT54WS-7-F; original diode MPN remains guessed.,https://modules.easyeda.com/qAxj6KHrDKw4blvCG8QJPs7Y/7459fe65e23146c0a8d836e46a0add72
D4,PMEG2010ER (guess),Updated to more detailed model,C82288,"PMEG2010ER,115",46d0d6a9f1554021bcac5f0d7e2cba9d,${KIPRJMOD}/3dmodels/EasyEDA/SOD-123_L2.6-W1.7-LS3.5-RD_C82288_EasyEDA.step,"[0.0, 0.0, 0.16]","[0, 0, 0.0]",0.042402,e0421ebf0ee32ca5c1a1baba1537d997ab0a9e889325f101d446149c1079f5f0,More detailed SOD-123-family model linked to candidate PMEG2010ER; original device identity remains unconfirmed.,https://modules.easyeda.com/qAxj6KHrDKw4blvCG8QJPs7Y/46d0d6a9f1554021bcac5f0d7e2cba9d
D5,Green status LED (guess),Updated to more detailed model,C72043,19-217/GHC-YR1S2/3T,3c2caa1a3e7d4a5a87f46b87d898ef41,${KIPRJMOD}/3dmodels/EasyEDA/LED0603-RD_C72043_EasyEDA.step,"[0.0, 0.0, 0.01]","[0, 0, 0.0]",0.038505,e859d1f709b2460cc373dac1da175c8c2d9e3ff67763451e9b881eb3346f407a,More detailed 0603 LED package model from a green LED; original LED MPN and color remain guessed.,https://modules.easyeda.com/qAxj6KHrDKw4blvCG8QJPs7Y/3c2caa1a3e7d4a5a87f46b87d898ef41
F1,MF-NSMF150-2,Customized to supplied product photo,C43379,SMD1206P050TF/13.2,7dbd95a5ee9a45949b72cb8147e267ff,${KIPRJMOD}/3dmodels/EasyEDA/F1206_L3.2-W1.7-H0.6_C43379_EasyEDA.step,"[0.0, 0.0, 0.0]","[0, 0, 0.0]",0.045006,6f2c915b0bb52a92d847bc9bee154e0c80987bc41d4010ca9364bb514466aa73,"Custom F1 model for Bourns MF-NSMF150-2 (C89655), based on supplied product photo: darker bronze terminals and marking (#A4824D), narrower 1.66 mm charcoal center, squared 8 with underline, terminal dot removed at user request. EasyEDA lettering removed. Derived from the existing project-local 1206 model.",https://modules.easyeda.com/qAxj6KHrDKw4blvCG8QJPs7Y/7dbd95a5ee9a45949b72cb8147e267ff
J1,USB-C USB2 receptacle (footprint estimate),Updated to more detailed model,C3020560,USB4105-GF-A,b568c80088e44e7787ac98e18b16aaa3,${KIPRJMOD}/3dmodels/EasyEDA/TYPE-C-SMD_SBC-160S1A-20-S412_C3020560_EasyEDA.step,"[1.6e-05, 0.062729, 2e-06]","[0, 0, 0.0]",0.106057,34f359abf94e68f02934bc09e516e557673701175a4ee973d7d08cd34283df96,"More detailed USB4105-GF-A-linked model; EasyEDA uses a shared TYPE-C-SMD_SBC-160S1A-20-S412 model. Representation of selected USB connector, original board MPN remains estimated.",https://modules.easyeda.com/qAxj6KHrDKw4blvCG8QJPs7Y/b568c80088e44e7787ac98e18b16aaa3
J10,HC-FPC-0.5-12P-FH20,Retained,C19273928,,,${KIPRJMOD}/3dmodels/EasyEDA/FPC-SMD_12P-P0.50_HC-FPC-0.5-12P-FH20.wrl,,,,4f0e4930a62271380c4edf1b55e7e7f34d3592cfcaeda00351b0066b62112577,Existing detailed EasyEDA geometry matches the available 12-pin model; retained.,https://easyeda.com/api/products/C19273928/components
J2,53398-0371,Updated to exact selected replacement,C293633,53398-0371,c08d1616c3c0494abcf70397badd0eef,${KIPRJMOD}/3dmodels/EasyEDA/Molex_53398-0371_C293633_EasyEDA.step,"[-1.25, -1.4, 0]","[0, 0, 180]",,267b10950099ca3fe493694a7412a401924e0df320b4104fba34e66cb45fac9d,User-selected C293633 replacement; Molex PicoBlade 53398-0371 vertical 3-pin 1.25 mm SMT; exact-part KiCad footprint and detailed EasyEDA model,https://modules.easyeda.com/qAxj6KHrDKw4blvCG8QJPs7Y/c08d1616c3c0494abcf70397badd0eef
J3,GPIO / SWD 2x6 1.27mm,Retained,C41783877;C22390544,,,${KIPRJMOD}/3dmodels/KiCad/Connector_PinHeader_1.27mm.3dshapes/PinHeader_2x06_P1.27mm_Vertical_SMD.step,,,,dfbdf4cac7fb2444a0fee0da9561e052e641708453d0fad0c510694f3ad40b05,Searched 1.27mm dual-row 12-pin SMT header alternatives; candidates had no linked 3D model. Existing KiCad model has shaped contacts and housing; retained.,https://easyeda.com/api/products/C41783877/components;https://easyeda.com/api/products/C22390544/components
J7,HC-FPC-0.5-14P-FH20,Retained,C19273929,,,${KIPRJMOD}/3dmodels/EasyEDA/HC-FPC-0.5-14P-FH20_C19273929_EasyEDA.step,,,,48284dfe01985bcc639cfc2716175c8c25bc2a2956d30b98dbd564b00224771a,Already uses exact component-linked detailed EasyEDA STEP model; no additional detail found.,https://easyeda.com/api/products/C19273929/components
J8,HC-FPC-0.5-12P-FH20,Retained,C19273928,,,${KIPRJMOD}/3dmodels/EasyEDA/FPC-SMD_12P-P0.50_HC-FPC-0.5-12P-FH20.wrl,,,,4f0e4930a62271380c4edf1b55e7e7f34d3592cfcaeda00351b0066b62112577,Existing detailed EasyEDA geometry matches the available 12-pin model; retained.,https://easyeda.com/api/products/C19273928/components
J9,HC-FPC-0.5-12P-FH20,Retained,C19273928,,,${KIPRJMOD}/3dmodels/EasyEDA/FPC-SMD_12P-P0.50_HC-FPC-0.5-12P-FH20.wrl,,,,4f0e4930a62271380c4edf1b55e7e7f34d3592cfcaeda00351b0066b62112577,Existing detailed EasyEDA geometry matches the available 12-pin model; retained.,https://easyeda.com/api/products/C19273928/components
L1,1.8uH,Replaced with user-selected part and linked model,C5339378,XRCD54-1R8M,e715833d7af94da094ca35faf1e2bc74,${KIPRJMOD}/3dmodels/EasyEDA/XRCD54_5.8x5.2x4.5mm_C5339378_EasyEDA.step,"[0.0005305, -0.0004572, 0.01]","[0, 0, 270]",0.004757,175723b792248d2d311187b0f486ffca2a9a56c84e7e64cfd1b7679a788c6fd5,User-selected 1.8uH replacement. Imported EasyEDA pad dimensions; drawing moved from incorrect courtyard to F.Fab and a courtyard enclosing pads added. Traces/vias intentionally untouched.,https://modules.easyeda.com/qAxj6KHrDKw4blvCG8QJPs7Y/e715833d7af94da094ca35faf1e2bc74
L2,Ferrite bead (guess),Updated to more detailed model,C14182,GZ1005D601TF,c498e8771bc24312a11c6413631665a8,${KIPRJMOD}/3dmodels/EasyEDA/L0402_L1.0-W0.5-H0.5_BEAD_C14182_EasyEDA.step,"[0.0, 1.3e-05, 0.25]","[0, 0, 0.0]",0.065011,406f074b8ab6e3e607eadf4e1ea79abac4cf0bf45314f334677e4c430fe625fa,More detailed representative 0402 ferrite-bead package; original MPN and impedance remain guessed.,https://modules.easyeda.com/qAxj6KHrDKw4blvCG8QJPs7Y/c498e8771bc24312a11c6413631665a8
L3,10uH (guess),Updated to more detailed model,C1035,SDFL1608S100KTF,a7f84688c5004aa68dbcbddc99bd5473,${KIPRJMOD}/3dmodels/EasyEDA/L0603_L1.6-W0.8-H0.5_BEAD_C1035_EasyEDA.step,"[0.002388, 0.015977, 0.25]","[0, 0, 180.0]",0.087603,37217a45ff91a07e901f84c89d522730f0830ea10d7b55693b6cfcf8faa2952e,More detailed representative 0603 inductor package; original MPN and inductance remain guessed.,https://modules.easyeda.com/qAxj6KHrDKw4blvCG8QJPs7Y/a7f84688c5004aa68dbcbddc99bd5473
Q1,BSS138 N-channel,Updated to selected C7420339 package model,C7420339,BSS138,d777607a152f4f3aac9bb0d0c14ed6fd,${KIPRJMOD}/3dmodels/EasyEDA/SOT-23-3P_L2.9-W1.3-H1.0-LS2.4-P0.95_C7420339_EasyEDA.step,"[0, 0, -0.050795]","[0, 0, 0]",0.062498,5a73368c37bcbd94e8f3ef10d521f3e60487eedc263dca72269d30003aa435e1,C7420339-linked SOT-23 model customized with centered S S top marking. Housing and terminals preserved. Original PCB nets and alignment unchanged.,https://modules.easyeda.com/qAxj6KHrDKw4blvCG8QJPs7Y/d777607a152f4f3aac9bb0d0c14ed6fd
Q2,P-channel MOSFET (guess),Updated to more detailed model,C15127,AO3401A,d777607a152f4f3aac9bb0d0c14ed6fd,${KIPRJMOD}/3dmodels/EasyEDA/SOT-23-3P_L2.9-W1.3-H1.0-LS2.4-P0.95_C15127_EasyEDA.step,"[0, 0, -0.050795]","[0, 0, 0.0]",0.200333,77ba908a82212855f2a6d38b120604e403137808eaba47113ce858f1831017e5,More detailed SOT-23 package model linked to candidate AO3401A; original MOSFET is not confirmed.,https://modules.easyeda.com/qAxj6KHrDKw4blvCG8QJPs7Y/d777607a152f4f3aac9bb0d0c14ed6fd
Q3,BSS138 N-channel,Updated to selected C7420339 package model,C7420339,BSS138,d777607a152f4f3aac9bb0d0c14ed6fd,${KIPRJMOD}/3dmodels/EasyEDA/SOT-23-3P_L2.9-W1.3-H1.0-LS2.4-P0.95_C7420339_EasyEDA.step,"[0, 0, -0.050795]","[0, 0, 0]",0.062498,5a73368c37bcbd94e8f3ef10d521f3e60487eedc263dca72269d30003aa435e1,C7420339-linked SOT-23 model customized with centered S S top marking. Housing and terminals preserved. Original PCB nets and alignment unchanged.,https://modules.easyeda.com/qAxj6KHrDKw4blvCG8QJPs7Y/d777607a152f4f3aac9bb0d0c14ed6fd
R1,30.1k,Updated to more detailed model,C25744,0402WGF1002TCE,026a4a15ab5c4a92ac0e421d6d013717,${KIPRJMOD}/3dmodels/EasyEDA/R0402_L1.0-W0.5-H0.4_C25744_EasyEDA.step,"[0.0, 0.0, 0.0]","[0, 0, 0.0]",0.077184,134d58dd68899b29f9e19def208de6690d06010e01c304866fbd4d81c8640aa6,More detailed representative resistor model for the existing metric package. Source part number and height do not identify the original component or change its schematic value/BOM.,https://modules.easyeda.com/qAxj6KHrDKw4blvCG8QJPs7Y/026a4a15ab5c4a92ac0e421d6d013717
R10,330R,Updated to more detailed model,C25744,0402WGF1002TCE,026a4a15ab5c4a92ac0e421d6d013717,${KIPRJMOD}/3dmodels/EasyEDA/R0402_L1.0-W0.5-H0.4_C25744_EasyEDA.step,"[0.0, 0.0, 0.0]","[0, 0, 0.0]",0.077184,134d58dd68899b29f9e19def208de6690d06010e01c304866fbd4d81c8640aa6,More detailed representative resistor model for the existing metric package. Source part number and height do not identify the original component or change its schematic value/BOM.,https://modules.easyeda.com/qAxj6KHrDKw4blvCG8QJPs7Y/026a4a15ab5c4a92ac0e421d6d013717
R11,100k,Updated to more detailed model,C25744,0402WGF1002TCE,026a4a15ab5c4a92ac0e421d6d013717,${KIPRJMOD}/3dmodels/EasyEDA/R0402_L1.0-W0.5-H0.4_C25744_EasyEDA.step,"[0.0, 0.0, 0.0]","[0, 0, 0.0]",0.077184,134d58dd68899b29f9e19def208de6690d06010e01c304866fbd4d81c8640aa6,More detailed representative resistor model for the existing metric package. Source part number and height do not identify the original component or change its schematic value/BOM.,https://modules.easyeda.com/qAxj6KHrDKw4blvCG8QJPs7Y/026a4a15ab5c4a92ac0e421d6d013717
R12,1k,Updated to more detailed model,C25744,0402WGF1002TCE,026a4a15ab5c4a92ac0e421d6d013717,${KIPRJMOD}/3dmodels/EasyEDA/R0402_L1.0-W0.5-H0.4_C25744_EasyEDA.step,"[0.0, 0.0, 0.0]","[0, 0, 0.0]",0.077184,134d58dd68899b29f9e19def208de6690d06010e01c304866fbd4d81c8640aa6,More detailed representative resistor model for the existing metric package. Source part number and height do not identify the original component or change its schematic value/BOM.,https://modules.easyeda.com/qAxj6KHrDKw4blvCG8QJPs7Y/026a4a15ab5c4a92ac0e421d6d013717
R13,10k,Updated to more detailed model,C25744,0402WGF1002TCE,026a4a15ab5c4a92ac0e421d6d013717,${KIPRJMOD}/3dmodels/EasyEDA/R0402_L1.0-W0.5-H0.4_C25744_EasyEDA.step,"[0.0, 0.0, 0.0]","[0, 0, 0.0]",0.077184,134d58dd68899b29f9e19def208de6690d06010e01c304866fbd4d81c8640aa6,More detailed representative resistor model for the existing metric package. Source part number and height do not identify the original component or change its schematic value/BOM.,https://modules.easyeda.com/qAxj6KHrDKw4blvCG8QJPs7Y/026a4a15ab5c4a92ac0e421d6d013717
R14,1M,Updated to more detailed model,C25744,0402WGF1002TCE,026a4a15ab5c4a92ac0e421d6d013717,${KIPRJMOD}/3dmodels/EasyEDA/R0402_L1.0-W0.5-H0.4_C25744_EasyEDA.step,"[0.0, 0.0, 0.0]","[0, 0, 0.0]",0.077184,134d58dd68899b29f9e19def208de6690d06010e01c304866fbd4d81c8640aa6,More detailed representative resistor model for the existing metric package. Source part number and height do not identify the original component or change its schematic value/BOM.,https://modules.easyeda.com/qAxj6KHrDKw4blvCG8QJPs7Y/026a4a15ab5c4a92ac0e421d6d013717
R2,10k,Updated to more detailed model,C25744,0402WGF1002TCE,026a4a15ab5c4a92ac0e421d6d013717,${KIPRJMOD}/3dmodels/EasyEDA/R0402_L1.0-W0.5-H0.4_C25744_EasyEDA.step,"[0.0, 0.0, 0.0]","[0, 0, 0.0]",0.077184,134d58dd68899b29f9e19def208de6690d06010e01c304866fbd4d81c8640aa6,More detailed representative resistor model for the existing metric package. Source part number and height do not identify the original component or change its schematic value/BOM.,https://modules.easyeda.com/qAxj6KHrDKw4blvCG8QJPs7Y/026a4a15ab5c4a92ac0e421d6d013717
R22,100k,Updated to more detailed model,C25744,0402WGF1002TCE,026a4a15ab5c4a92ac0e421d6d013717,${KIPRJMOD}/3dmodels/EasyEDA/R0402_L1.0-W0.5-H0.4_C25744_EasyEDA.step,"[0.0, 0.0, 0.0]","[0, 0, 0.0]",0.077184,134d58dd68899b29f9e19def208de6690d06010e01c304866fbd4d81c8640aa6,More detailed representative resistor model for the existing metric package. Source part number and height do not identify the original component or change its schematic value/BOM.,https://modules.easyeda.com/qAxj6KHrDKw4blvCG8QJPs7Y/026a4a15ab5c4a92ac0e421d6d013717
R3,5.1k,Updated to more detailed model,C25744,0402WGF1002TCE,026a4a15ab5c4a92ac0e421d6d013717,${KIPRJMOD}/3dmodels/EasyEDA/R0402_L1.0-W0.5-H0.4_C25744_EasyEDA.step,"[0.0, 0.0, 0.0]","[0, 0, 0.0]",0.077184,134d58dd68899b29f9e19def208de6690d06010e01c304866fbd4d81c8640aa6,More detailed representative resistor model for the existing metric package. Source part number and height do not identify the original component or change its schematic value/BOM.,https://modules.easyeda.com/qAxj6KHrDKw4blvCG8QJPs7Y/026a4a15ab5c4a92ac0e421d6d013717
R4,5.1k,Updated to more detailed model,C25744,0402WGF1002TCE,026a4a15ab5c4a92ac0e421d6d013717,${KIPRJMOD}/3dmodels/EasyEDA/R0402_L1.0-W0.5-H0.4_C25744_EasyEDA.step,"[0.0, 0.0, 0.0]","[0, 0, 0.0]",0.077184,134d58dd68899b29f9e19def208de6690d06010e01c304866fbd4d81c8640aa6,More detailed representative resistor model for the existing metric package. Source part number and height do not identify the original component or change its schematic value/BOM.,https://modules.easyeda.com/qAxj6KHrDKw4blvCG8QJPs7Y/026a4a15ab5c4a92ac0e421d6d013717
R5,10k,Updated to more detailed model,C25744,0402WGF1002TCE,026a4a15ab5c4a92ac0e421d6d013717,${KIPRJMOD}/3dmodels/EasyEDA/R0402_L1.0-W0.5-H0.4_C25744_EasyEDA.step,"[0.0, 0.0, 0.0]","[0, 0, 0.0]",0.077184,134d58dd68899b29f9e19def208de6690d06010e01c304866fbd4d81c8640aa6,More detailed representative resistor model for the existing metric package. Source part number and height do not identify the original component or change its schematic value/BOM.,https://modules.easyeda.com/qAxj6KHrDKw4blvCG8QJPs7Y/026a4a15ab5c4a92ac0e421d6d013717
R6,10k,Updated to more detailed model,C25744,0402WGF1002TCE,026a4a15ab5c4a92ac0e421d6d013717,${KIPRJMOD}/3dmodels/EasyEDA/R0402_L1.0-W0.5-H0.4_C25744_EasyEDA.step,"[0.0, 0.0, 0.0]","[0, 0, 0.0]",0.077184,134d58dd68899b29f9e19def208de6690d06010e01c304866fbd4d81c8640aa6,More detailed representative resistor model for the existing metric package. Source part number and height do not identify the original component or change its schematic value/BOM.,https://modules.easyeda.com/qAxj6KHrDKw4blvCG8QJPs7Y/026a4a15ab5c4a92ac0e421d6d013717
R7,12k,Updated to more detailed model,C25744,0402WGF1002TCE,026a4a15ab5c4a92ac0e421d6d013717,${KIPRJMOD}/3dmodels/EasyEDA/R0402_L1.0-W0.5-H0.4_C25744_EasyEDA.step,"[0.0, 0.0, 0.0]","[0, 0, 0.0]",0.077184,134d58dd68899b29f9e19def208de6690d06010e01c304866fbd4d81c8640aa6,More detailed representative resistor model for the existing metric package. Source part number and height do not identify the original component or change its schematic value/BOM.,https://modules.easyeda.com/qAxj6KHrDKw4blvCG8QJPs7Y/026a4a15ab5c4a92ac0e421d6d013717
R8,0R,Updated to more detailed model,C25744,0402WGF1002TCE,026a4a15ab5c4a92ac0e421d6d013717,${KIPRJMOD}/3dmodels/EasyEDA/R0402_L1.0-W0.5-H0.4_C25744_EasyEDA.step,"[0.0, 0.0, 0.0]","[0, 0, 0.0]",0.077184,134d58dd68899b29f9e19def208de6690d06010e01c304866fbd4d81c8640aa6,More detailed representative resistor model for the existing metric package. Source part number and height do not identify the original component or change its schematic value/BOM.,https://modules.easyeda.com/qAxj6KHrDKw4blvCG8QJPs7Y/026a4a15ab5c4a92ac0e421d6d013717
R9,100k,Updated to more detailed model,C25744,0402WGF1002TCE,026a4a15ab5c4a92ac0e421d6d013717,${KIPRJMOD}/3dmodels/EasyEDA/R0402_L1.0-W0.5-H0.4_C25744_EasyEDA.step,"[0.0, 0.0, 0.0]","[0, 0, 0.0]",0.077184,134d58dd68899b29f9e19def208de6690d06010e01c304866fbd4d81c8640aa6,More detailed representative resistor model for the existing metric package. Source part number and height do not identify the original component or change its schematic value/BOM.,https://modules.easyeda.com/qAxj6KHrDKw4blvCG8QJPs7Y/026a4a15ab5c4a92ac0e421d6d013717
SW1,TK-6580A-1,Updated to exact selected replacement,C528770,TK-6580A-1,b0bada8f8748472091d08ab2de7a970d,${KIPRJMOD}/3dmodels/EasyEDA/TK-6580A-1_C528770_EasyEDA.step,"[0.0, -1.1291716000000402, 0.005076999999999998]","[0, 0, 0]",,262cee8916a08abac56e149a8e47714d1ca84e3705f307556133fa83a00ae16e,User-selected replacement; native EasyEDA footprint; manufacturer pin functions checked; original switch identity unconfirmed.,https://modules.easyeda.com/qAxj6KHrDKw4blvCG8QJPs7Y/b0bada8f8748472091d08ab2de7a970d
SW2,Reset tactile 4x4mm (estimate),Retained,C10852;C51927153;C49023394,,,${KIPRJMOD}/3dmodels/PhotoEstimates/Reset_Tactile_4mm_PhotoEstimate.wrl,,,,3348e1a8a2bb1a05a905576fe2deed0fc004c206dbe04a8207d83586424f9121,Checked 4x4 tactile candidates: detailed models use 4.8/5.2mm housings and different pad spans; closest other candidate has no linked 3D model. Retained photo-estimated visualization.,https://easyeda.com/api/products/C10852/components;https://easyeda.com/api/products/C51927153/components;https://easyeda.com/api/products/C49023394/components
U1,SY7088DGC,Updated to exact selected replacement,C178240,SY7088DGC,8b668c87635a4eb1a2b9b0749b2a08a1,${KIPRJMOD}/3dmodels/EasyEDA/SY7088DGC_C178240_EasyEDA.step,"[0, 0, 0]","[0, 0, 0]",,ef3d9543d721f902684ec2aa5b5f9f5f53b8feb484ef697b96a4f44fbbcb305d,User-reported VTGEA marking and approximately 2.1x3 mm body match Silergy VTxyz marking and DFN2x3-8; selected C178240; pinout checked against manufacturer datasheet,https://modules.easyeda.com/qAxj6KHrDKw4blvCG8QJPs7Y/8b668c87635a4eb1a2b9b0749b2a08a1
U2,TP4056-42-ESOP8,Updated to more detailed model,C16581,TP4056,9e2b03dd4dce46a190ce3fa245369fb2,${KIPRJMOD}/3dmodels/EasyEDA/ESOP-8_L4.9-W3.9-H1.6-LS6.0-P1.27_C16581_EasyEDA.step,"[-0.0, 0.0, 0.099425]","[0, 0, 0.0]",0.408519,c2a5dfd4ead9745b10ef410aa32e62c659c146625ed4beea42287047f980116f,More detailed ESOP-8 package model linked to TP4056; exact original chip suffix remains unconfirmed.,https://modules.easyeda.com/qAxj6KHrDKw4blvCG8QJPs7Y/9e2b03dd4dce46a190ce3fa245369fb2
U3,PRTR5V0U2X,Updated to more detailed model,C12333,"PRTR5V0U2X,215",499fe0b8a844428c9e2aff62131a11f8,${KIPRJMOD}/3dmodels/EasyEDA/SOT-143-4P_L3.0-W1.3-H1.0-LS2.3-P1.70_C12333_EasyEDA.step,"[0.0, 3.8e-05, 0.0]","[0, 0, 180.0]",0.099947,ef9d34fab517812d310b8982d2adfeaa2e0d1281578a8fe9fb91b196d2e77475,More detailed SOT-143 package model linked to PRTR5V0U2X; generic package markings are visualization only.,https://modules.easyeda.com/qAxj6KHrDKw4blvCG8QJPs7Y/499fe0b8a844428c9e2aff62131a11f8
U4,MDBT50Q-P1MV2,Updated to more detailed model,C5119772,MDBT50Q-P1MV2,883dbb19241645b4936208aa67b2992f,${KIPRJMOD}/3dmodels/EasyEDA/COMM-SMD_MDBT50Q-1MV2_C5119772_EasyEDA.step,"[-0.000111, 0.015072, 0.02]","[0, 0, 0.0]",9.5e-05,ad1b748cf4efeaf1f9b7079fecb95fbe938a5babfc7299b543a576b65ddb7ea1,Antenna trace darkened to #806600; blue PCB #005580 and grey shield #808080 retained. Raytac label rotated 90 degrees clockwise with 0.85 mm line pitch and anchored 0.70 mm from the physical top and right shield edges. Module contacts and package geometry unchanged.,https://modules.easyeda.com/qAxj6KHrDKw4blvCG8QJPs7Y/883dbb19241645b4936208aa67b2992f
U5,74CBTLV1G125GV (probable b25 marking),Updated to more detailed model,C546430,"74CBTLV1G125GV,125",de52ee41f1704af4a9ee75c4c80c4e82,${KIPRJMOD}/3dmodels/EasyEDA/SC-74A-5_L2.9-W1.5-H1.1-LS2.8-P0.98_C546430_EasyEDA.step,"[-0.008501, 1.3e-05, 0.049083]","[0, 0, 0.0]",0.041647,6fe58ed8d28b455f5aa61fa3ae6dc540e18357c6f9fd49576d7619edbab9270e,More detailed SC-74A/SOT-23-5 model linked to candidate 74CBTLV1G125GV; original circuit and device identity remain unverified.,https://modules.easyeda.com/qAxj6KHrDKw4blvCG8QJPs7Y/de52ee41f1704af4a9ee75c4c80c4e82
Y1,32.768kHz (guess),Updated to more detailed model,C70509,NX3215SA 32.768KHZ 12.5PF 20PPM,b374b09d4a6d4557b2ff8af51e7e333f,${KIPRJMOD}/3dmodels/EasyEDA/OSC-SMD_L3.2-W1.5-H0.8_C70509_EasyEDA.step,"[0.0, 0.0, 0.0]","[0, 0, 0.0]",0.095011,088c816b02808ed900e2a76a20bea846149e407bb3de824070cb4c10e4c378fa,"More detailed representative 3.2x1.5mm crystal model; NX3215SA is a model source, not a confirmed BOM substitution.",https://modules.easyeda.com/qAxj6KHrDKw4blvCG8QJPs7Y/b374b09d4a6d4557b2ff8af51e7e333f
