Designator,Val,Package,Mid X,Mid Y,Rotation,Layer
J1,HC-FPC-0.5-12P-FH20,FPC-SMD_12P-P0.50_HC-FPC-0.5-12P-FH20,154.0,-99.85,0.0,top
J2,HC-FPC-0.5-6P-FH20,FPC-SMD_6P-P0.50_HC-FPC-0.5-6P-FH20,153.95,-45.25,0.0,top
J3,HC-FPC-0.5-6P-FH20,FPC-SMD_6P-P0.50_HC-FPC-0.5-6P-FH20,153.95,-54.35,0.0,top
J4,HC-FPC-0.5-6P-FH20,FPC-SMD_6P-P0.50_HC-FPC-0.5-6P-FH20,153.95,-63.45,0.0,top
J5,HC-FPC-0.5-6P-FH20,FPC-SMD_6P-P0.50_HC-FPC-0.5-6P-FH20,153.95,-72.55,0.0,top
J6,HC-FPC-0.5-6P-FH20,FPC-SMD_6P-P0.50_HC-FPC-0.5-6P-FH20,153.95,-81.65,0.0,top
J7,HC-FPC-0.5-6P-FH20,FPC-SMD_6P-P0.50_HC-FPC-0.5-6P-FH20,153.95,-90.75,0.0,top
J8,HC-FPC-0.5-6P-FH20,FPC-SMD_6P-P0.50_HC-FPC-0.5-6P-FH20,167.75,-45.25,0.0,top
J9,HC-FPC-0.5-6P-FH20,FPC-SMD_6P-P0.50_HC-FPC-0.5-6P-FH20,167.75,-54.35,0.0,top
J10,HC-FPC-0.5-6P-FH20,FPC-SMD_6P-P0.50_HC-FPC-0.5-6P-FH20,167.75,-63.75,0.0,top
J11,HC-FPC-0.5-6P-FH20,FPC-SMD_6P-P0.50_HC-FPC-0.5-6P-FH20,167.75,-72.75,0.0,top
J12,HC-FPC-0.5-6P-FH20,FPC-SMD_6P-P0.50_HC-FPC-0.5-6P-FH20,167.75,-81.65,0.0,top
J13,HC-FPC-0.5-6P-FH20,FPC-SMD_6P-P0.50_HC-FPC-0.5-6P-FH20,167.75,-90.75,0.0,top
