Designator,Mid X,Mid Y,Layer,Rotation
C1_1,27.500000mm,75.020000mm,bottom,90.000000
C1_2,48.800000mm,75.020000mm,bottom,90.000000
C1_3,27.500000mm,53.520000mm,bottom,90.000000
C1_4,48.800000mm,53.520000mm,bottom,90.000000
C1_5,27.500000mm,32.020000mm,bottom,90.000000
C1_6,48.800000mm,32.020000mm,bottom,90.000000
C1_7,27.500000mm,10.520000mm,bottom,90.000000
LED1_1,25.415000mm,74.950000mm,bottom,0.000000
LED1_2,46.715000mm,74.950000mm,bottom,0.000000
LED1_3,25.415000mm,53.450000mm,bottom,0.000000
LED1_4,46.715000mm,53.450000mm,bottom,0.000000
LED1_5,25.415000mm,31.950000mm,bottom,0.000000
LED1_6,46.715000mm,31.950000mm,bottom,0.000000
LED1_7,25.415000mm,10.450000mm,bottom,0.000000
D1_1,28.270000mm,82.000000mm,top,0.000000
D1_2,49.570000mm,82.000000mm,top,0.000000
D1_3,28.270000mm,60.500000mm,top,0.000000
D1_4,49.570000mm,60.500000mm,top,0.000000
D1_5,28.270000mm,39.000000mm,top,0.000000
D1_6,49.570000mm,39.000000mm,top,0.000000
D1_7,28.270000mm,17.500000mm,top,0.000000
J1_1,25.501100mm,73.200000mm,top,180.000000
J1_2,46.801100mm,73.200000mm,top,180.000000
J1_3,25.501100mm,51.700000mm,top,180.000000
J1_4,46.801100mm,51.700000mm,top,180.000000
J1_5,25.501100mm,30.200000mm,top,180.000000
J1_6,46.801100mm,30.200000mm,top,180.000000
J1_7,25.501100mm,8.700000mm,top,180.000000
SW1_1,25.501100mm,79.600000mm,top,180.000000
SW1_2,46.801100mm,79.600000mm,top,180.000000
SW1_3,25.501100mm,58.100000mm,top,180.000000
SW1_4,46.801100mm,58.100000mm,top,180.000000
SW1_5,25.501100mm,36.600000mm,top,180.000000
SW1_6,46.801100mm,36.600000mm,top,180.000000
SW1_7,25.501100mm,15.100000mm,top,180.000000
