Ref,Val,Package,PosX,PosY,Rot,Side
"C1_1","100nF","C_0402_1005Metric",27.500000,75.020000,90.000000,bottom
"C1_2","100nF","C_0402_1005Metric",48.800000,75.020000,90.000000,bottom
"C1_3","100nF","C_0402_1005Metric",27.500000,53.520000,90.000000,bottom
"C1_4","100nF","C_0402_1005Metric",48.800000,53.520000,90.000000,bottom
"C1_5","100nF","C_0402_1005Metric",27.500000,32.020000,90.000000,bottom
"C1_6","100nF","C_0402_1005Metric",48.800000,32.020000,90.000000,bottom
"C1_7","100nF","C_0402_1005Metric",27.500000,10.520000,90.000000,bottom
"LED1_1","WS2812B-2020","LED_WS2812B-2020_PLCC4_2.0x2.0mm",25.415000,74.950000,0.000000,bottom
"LED1_2","WS2812B-2020","LED_WS2812B-2020_PLCC4_2.0x2.0mm",46.715000,74.950000,0.000000,bottom
"LED1_3","WS2812B-2020","LED_WS2812B-2020_PLCC4_2.0x2.0mm",25.415000,53.450000,0.000000,bottom
"LED1_4","WS2812B-2020","LED_WS2812B-2020_PLCC4_2.0x2.0mm",46.715000,53.450000,0.000000,bottom
"LED1_5","WS2812B-2020","LED_WS2812B-2020_PLCC4_2.0x2.0mm",25.415000,31.950000,0.000000,bottom
"LED1_6","WS2812B-2020","LED_WS2812B-2020_PLCC4_2.0x2.0mm",46.715000,31.950000,0.000000,bottom
"LED1_7","WS2812B-2020","LED_WS2812B-2020_PLCC4_2.0x2.0mm",25.415000,10.450000,0.000000,bottom
"D1_1","1N4148WS","SOD-323",28.270000,82.000000,0.000000,top
"D1_2","1N4148WS","SOD-323",49.570000,82.000000,0.000000,top
"D1_3","1N4148WS","SOD-323",28.270000,60.500000,0.000000,top
"D1_4","1N4148WS","SOD-323",49.570000,60.500000,0.000000,top
"D1_5","1N4148WS","SOD-323",28.270000,39.000000,0.000000,top
"D1_6","1N4148WS","SOD-323",49.570000,39.000000,0.000000,top
"D1_7","1N4148WS","SOD-323",28.270000,17.500000,0.000000,top
"J1_1","HC-FPC-0.5-6P-FH20","FPC-SMD_6P-P0.50_HC-FPC-0.5-6P-FH20",25.501100,73.200000,180.000000,top
"J1_2","HC-FPC-0.5-6P-FH20","FPC-SMD_6P-P0.50_HC-FPC-0.5-6P-FH20",46.801100,73.200000,180.000000,top
"J1_3","HC-FPC-0.5-6P-FH20","FPC-SMD_6P-P0.50_HC-FPC-0.5-6P-FH20",25.501100,51.700000,180.000000,top
"J1_4","HC-FPC-0.5-6P-FH20","FPC-SMD_6P-P0.50_HC-FPC-0.5-6P-FH20",46.801100,51.700000,180.000000,top
"J1_5","HC-FPC-0.5-6P-FH20","FPC-SMD_6P-P0.50_HC-FPC-0.5-6P-FH20",25.501100,30.200000,180.000000,top
"J1_6","HC-FPC-0.5-6P-FH20","FPC-SMD_6P-P0.50_HC-FPC-0.5-6P-FH20",46.801100,30.200000,180.000000,top
"J1_7","HC-FPC-0.5-6P-FH20","FPC-SMD_6P-P0.50_HC-FPC-0.5-6P-FH20",25.501100,8.700000,180.000000,top
"SW1_1","Kailh Choc socket","KAILH_CHOC_SOCKET",25.501100,79.600000,180.000000,top
"SW1_2","Kailh Choc socket","KAILH_CHOC_SOCKET",46.801100,79.600000,180.000000,top
"SW1_3","Kailh Choc socket","KAILH_CHOC_SOCKET",25.501100,58.100000,180.000000,top
"SW1_4","Kailh Choc socket","KAILH_CHOC_SOCKET",46.801100,58.100000,180.000000,top
"SW1_5","Kailh Choc socket","KAILH_CHOC_SOCKET",25.501100,36.600000,180.000000,top
"SW1_6","Kailh Choc socket","KAILH_CHOC_SOCKET",46.801100,36.600000,180.000000,top
"SW1_7","Kailh Choc socket","KAILH_CHOC_SOCKET",25.501100,15.100000,180.000000,top
