Designator,Feature,Pad,X_mm,Y_mm,View
J1_6,Pin 1 / SWITCHA,1,48.051100,28.900000,Front/top X-Y projection; bottom LED mirrored when viewed underneath
J1_2,Pin 1 / SWITCHA,1,48.051100,71.900000,Front/top X-Y projection; bottom LED mirrored when viewed underneath
D1_7,Cathode stripe,C,27.000000,17.500000,Front/top X-Y projection; bottom LED mirrored when viewed underneath
J1_7,Pin 1 / SWITCHA,1,26.751100,7.400000,Front/top X-Y projection; bottom LED mirrored when viewed underneath
J1_5,Pin 1 / SWITCHA,1,26.751100,28.900000,Front/top X-Y projection; bottom LED mirrored when viewed underneath
D1_4,Cathode stripe,C,48.300000,60.500000,Front/top X-Y projection; bottom LED mirrored when viewed underneath
D1_6,Cathode stripe,C,48.300000,39.000000,Front/top X-Y projection; bottom LED mirrored when viewed underneath
D1_2,Cathode stripe,C,48.300000,82.000000,Front/top X-Y projection; bottom LED mirrored when viewed underneath
D1_5,Cathode stripe,C,27.000000,39.000000,Front/top X-Y projection; bottom LED mirrored when viewed underneath
J1_1,Pin 1 / SWITCHA,1,26.751100,71.900000,Front/top X-Y projection; bottom LED mirrored when viewed underneath
D1_1,Cathode stripe,C,27.000000,82.000000,Front/top X-Y projection; bottom LED mirrored when viewed underneath
J1_4,Pin 1 / SWITCHA,1,48.051100,50.400000,Front/top X-Y projection; bottom LED mirrored when viewed underneath
J1_3,Pin 1 / SWITCHA,1,26.751100,50.400000,Front/top X-Y projection; bottom LED mirrored when viewed underneath
D1_3,Cathode stripe,C,27.000000,60.500000,Front/top X-Y projection; bottom LED mirrored when viewed underneath
LED1_6,Pin 1 / DOUT,1,45.800000,31.400000,Front/top X-Y projection; bottom LED mirrored when viewed underneath
LED1_2,Pin 1 / DOUT,1,45.800000,74.400000,Front/top X-Y projection; bottom LED mirrored when viewed underneath
LED1_7,Pin 1 / DOUT,1,24.500000,9.900000,Front/top X-Y projection; bottom LED mirrored when viewed underneath
LED1_5,Pin 1 / DOUT,1,24.500000,31.400000,Front/top X-Y projection; bottom LED mirrored when viewed underneath
LED1_3,Pin 1 / DOUT,1,24.500000,52.900000,Front/top X-Y projection; bottom LED mirrored when viewed underneath
LED1_4,Pin 1 / DOUT,1,45.800000,52.900000,Front/top X-Y projection; bottom LED mirrored when viewed underneath
LED1_1,Pin 1 / DOUT,1,24.500000,74.400000,Front/top X-Y projection; bottom LED mirrored when viewed underneath
