Connector,Pin,Net,MCU / circuit mapping
J3,1,GND,
J3,2,VEXT_2V4,
J3,3,VDDH,
J3,4,EXT1,P0.22
J3,5,EXT2,P0.21
J3,6,EXT3,P0.24
J3,7,EXT4,P0.20
J3,8,EXT5,P0.25
J3,9,EXT6,P1.00
J3,10,RESET,
J3,11,SWDCLK,
J3,12,SWDIO,
J7,1,R0,P0.26
J7,2,R1,P0.05
J7,3,R2,P0.06
J7,4,R3,P0.08
J7,5,R4,P0.07
J7,6,R5,P1.09
J7,7,VDD,LED +5V (inferred power stage)
J7,8,GND,
J7,9,IN16,
J7,10,IN0,P0.27 -> U5/R10 (inferred)
J7,11,C2,P1.05
J7,12,C1,P1.03
J7,13,C0,P1.01
J7,14,NC,
J8,1,R0,P0.26
J8,2,R1,P0.05
J8,3,R2,P0.06
J8,4,R3,P0.08
J8,5,R4,P0.07
J8,6,R5,P1.09
J8,7,VDD,LED +5V (inferred power stage)
J8,8,GND,
J8,9,IN22,
J8,10,IN16,
J8,11,C3,P1.07
J8,12,NC,
J9,1,R0,P0.26
J9,2,R1,P0.05
J9,3,R2,P0.06
J9,4,R3,P0.08
J9,5,R4,P0.07
J9,6,R5,P1.09
J9,7,VDD,LED +5V (inferred power stage)
J9,8,GND,
J9,9,IN28,
J9,10,IN22,
J9,11,C4,P1.06
J9,12,NC,
J10,1,R0,P0.26
J10,2,R1,P0.05
J10,3,R2,P0.06
J10,4,R3,P0.08
J10,5,R4,P0.07
J10,6,R5,P1.09
J10,7,VDD,LED +5V (inferred power stage)
J10,8,GND,
J10,9,IN40,
J10,10,IN28,
J10,11,C6,P1.08
J10,12,C5,P1.04
J2,1,GND,
J2,2,BAT_NTC,
J2,3,VBAT,
