Source board,Original reference,Panel reference,Value,Panel X mm,Panel Y mm
leftPinkieBreakout,J3,J3,HC-FPC-0.5-6P-FH20,26.25,17.299999999999997
leftPinkieBreakout,J2,J2,HC-FPC-0.5-6P-FH20,26.25,8.200000000000003
leftPinkieBreakout,J12,J12,HC-FPC-0.5-6P-FH20,12.449999999999989,44.599999999999994
leftPinkieBreakout,H3,H3,MountingHole_2.2mm_M2_4.4mmHead,7.300000000000011,50.900000000000006
leftPinkieBreakout,J1,J1,HC-FPC-0.5-12P-FH20,19.44999999999999,62.8
leftPinkieBreakout,J5,J5,HC-FPC-0.5-6P-FH20,26.25,35.5
leftPinkieBreakout,J11,J11,HC-FPC-0.5-6P-FH20,12.449999999999989,35.7
leftPinkieBreakout,J13,J13,HC-FPC-0.5-6P-FH20,12.449999999999989,53.7
leftPinkieBreakout,J8,J8,HC-FPC-0.5-6P-FH20,12.449999999999989,8.200000000000003
leftPinkieBreakout,J10,J10,HC-FPC-0.5-6P-FH20,12.449999999999989,26.700000000000003
leftPinkieBreakout,H2,H2,MountingHole_2.2mm_M2_4.4mmHead,31.400000000000006,14.5
leftPinkieBreakout,J9,J9,HC-FPC-0.5-6P-FH20,12.449999999999989,17.299999999999997
leftPinkieBreakout,H1,H1,MountingHole_2.2mm_M2_4.4mmHead,7.300000000000011,14.5
leftPinkieBreakout,J4,J4,HC-FPC-0.5-6P-FH20,26.25,26.4
leftPinkieBreakout,J7,J7,HC-FPC-0.5-6P-FH20,26.25,53.7
leftPinkieBreakout,H4,H4,MountingHole_2.2mm_M2_4.4mmHead,31.400000000000006,50.900000000000006
leftPinkieBreakout,J6,J6,HC-FPC-0.5-6P-FH20,26.25,44.599999999999994
leftPointerThumbBreakout,J3,J16,HC-FPC-0.5-6P-FH20,68.75000000000001,17.299999999999997
leftPointerThumbBreakout,J2,J15,HC-FPC-0.5-6P-FH20,68.75000000000001,8.200000000000003
leftPointerThumbBreakout,J15,J28,HC-FPC-0.5-6P-FH20,41.15000099999999,44.599999999999994
leftPointerThumbBreakout,J12,J25,HC-FPC-0.5-6P-FH20,41.15000099999999,8.200000000000003
leftPointerThumbBreakout,H3,H7,MountingHole_2.2mm_M2_4.4mmHead,36.000000000000014,50.900000000000006
leftPointerThumbBreakout,J5,J18,HC-FPC-0.5-6P-FH20,68.75000000000001,35.5
leftPointerThumbBreakout,J17,J30,HC-FPC-0.5-6P-FH20,41.15000099999999,26.4
leftPointerThumbBreakout,J11,J24,HC-FPC-0.5-6P-FH20,54.95,44.599999999999994
leftPointerThumbBreakout,J14,J27,HC-FPC-0.5-6P-FH20,41.15000099999999,53.7
leftPointerThumbBreakout,J13,J26,HC-FPC-0.5-6P-FH20,41.15000099999999,17.299999999999997
leftPointerThumbBreakout,J8,J21,HC-FPC-0.5-6P-FH20,54.95,17.299999999999997
leftPointerThumbBreakout,J10,J23,HC-FPC-0.5-6P-FH20,54.95,35.5
leftPointerThumbBreakout,H2,H6,MountingHole_2.2mm_M2_4.4mmHead,73.89999999999999,14.5
leftPointerThumbBreakout,J9,J22,HC-FPC-0.5-6P-FH20,54.95,26.4
leftPointerThumbBreakout,H1,H5,MountingHole_2.2mm_M2_4.4mmHead,36.000000000000014,14.5
leftPointerThumbBreakout,J16,J29,HC-FPC-0.5-6P-FH20,41.15000099999999,35.5
leftPointerThumbBreakout,J1,J14,HC-FPC-0.5-14P-FH20,48.64999999999999,62.8
leftPointerThumbBreakout,J4,J17,HC-FPC-0.5-6P-FH20,68.75000000000001,26.4
leftPointerThumbBreakout,J7,J20,HC-FPC-0.5-6P-FH20,68.75000000000001,53.7
leftPointerThumbBreakout,H4,H8,MountingHole_2.2mm_M2_4.4mmHead,73.89999999999999,50.900000000000006
leftPointerThumbBreakout,J6,J19,HC-FPC-0.5-6P-FH20,68.75000000000001,44.599999999999994
rightPointerThumbBreakout,J3,J33,HC-FPC-0.5-6P-FH20,83.64999999999999,17.299999999999997
rightPointerThumbBreakout,J2,J32,HC-FPC-0.5-6P-FH20,83.64999999999999,8.200000000000003
rightPointerThumbBreakout,J15,J45,HC-FPC-0.5-6P-FH20,111.24999900000002,44.599999999999994
rightPointerThumbBreakout,J12,J42,HC-FPC-0.5-6P-FH20,111.24999900000002,8.200000000000003
rightPointerThumbBreakout,H3,H11,MountingHole_2.2mm_M2_4.4mmHead,78.50000000000001,50.900000000000006
rightPointerThumbBreakout,J5,J35,HC-FPC-0.5-6P-FH20,83.64999999999999,35.5
rightPointerThumbBreakout,J17,J47,HC-FPC-0.5-6P-FH20,111.24999900000002,26.4
rightPointerThumbBreakout,J11,J41,HC-FPC-0.5-6P-FH20,97.45,44.599999999999994
rightPointerThumbBreakout,J14,J44,HC-FPC-0.5-6P-FH20,111.24999900000002,53.7
rightPointerThumbBreakout,J13,J43,HC-FPC-0.5-6P-FH20,111.24999900000002,17.299999999999997
rightPointerThumbBreakout,J8,J38,HC-FPC-0.5-6P-FH20,97.45,17.299999999999997
rightPointerThumbBreakout,J10,J40,HC-FPC-0.5-6P-FH20,97.45,35.5
rightPointerThumbBreakout,J1,J31,HC-FPC-0.5-14P-FH20,105.14999999999999,62.8
rightPointerThumbBreakout,H2,H10,MountingHole_2.2mm_M2_4.4mmHead,116.39999999999999,14.5
rightPointerThumbBreakout,J9,J39,HC-FPC-0.5-6P-FH20,97.45,26.4
rightPointerThumbBreakout,H1,H9,MountingHole_2.2mm_M2_4.4mmHead,78.50000000000001,14.5
rightPointerThumbBreakout,J16,J46,HC-FPC-0.5-6P-FH20,111.24999900000002,35.5
rightPointerThumbBreakout,J4,J34,HC-FPC-0.5-6P-FH20,83.64999999999999,26.4
rightPointerThumbBreakout,J7,J37,HC-FPC-0.5-6P-FH20,83.64999999999999,53.7
rightPointerThumbBreakout,H4,H12,MountingHole_2.2mm_M2_4.4mmHead,116.39999999999999,50.900000000000006
rightPointerThumbBreakout,J6,J36,HC-FPC-0.5-6P-FH20,83.64999999999999,44.599999999999994
rightPinkieBreakout,J3,J50,HC-FPC-0.5-6P-FH20,126.14999999999999,17.299999999999997
rightPinkieBreakout,J2,J49,HC-FPC-0.5-6P-FH20,126.14999999999999,8.200000000000003
rightPinkieBreakout,J12,J59,HC-FPC-0.5-6P-FH20,139.95,44.599999999999994
rightPinkieBreakout,H3,H15,MountingHole_2.2mm_M2_4.4mmHead,121.00000000000001,50.900000000000006
rightPinkieBreakout,J1,J48,HC-FPC-0.5-12P-FH20,133.14999999999998,62.8
rightPinkieBreakout,J5,J52,HC-FPC-0.5-6P-FH20,126.14999999999999,35.5
rightPinkieBreakout,J11,J58,HC-FPC-0.5-6P-FH20,139.95,35.7
rightPinkieBreakout,J13,J60,HC-FPC-0.5-6P-FH20,139.95,53.7
rightPinkieBreakout,J8,J55,HC-FPC-0.5-6P-FH20,139.95,8.200000000000003
rightPinkieBreakout,J10,J57,HC-FPC-0.5-6P-FH20,139.95,26.700000000000003
rightPinkieBreakout,H2,H14,MountingHole_2.2mm_M2_4.4mmHead,145.10000000000002,14.5
rightPinkieBreakout,J9,J56,HC-FPC-0.5-6P-FH20,139.95,17.299999999999997
rightPinkieBreakout,H1,H13,MountingHole_2.2mm_M2_4.4mmHead,121.00000000000001,14.5
rightPinkieBreakout,J4,J51,HC-FPC-0.5-6P-FH20,126.14999999999999,26.4
rightPinkieBreakout,J7,J54,HC-FPC-0.5-6P-FH20,126.14999999999999,53.7
rightPinkieBreakout,H4,H16,MountingHole_2.2mm_M2_4.4mmHead,145.10000000000002,50.900000000000006
rightPinkieBreakout,J6,J53,HC-FPC-0.5-6P-FH20,126.14999999999999,44.599999999999994
